millis,stamp,datetime,motion
999, 1565051225, 2019/8/6 0:27:5, Inactive
1999, 1565051225, 2019/8/6 0:27:5, Inactive
2999, 1565051225, 2019/8/6 0:27:5, Inactive
3998, 1565051225, 2019/8/6 0:27:5, Inactive
4999, 1565051225, 2019/8/6 0:27:5, Active
5999, 1565051225, 2019/8/6 0:27:5, Inactive
6999, 1565051225, 2019/8/6 0:27:5, Inactive
7999, 1565051225, 2019/8/6 0:27:5, Inactive
8999, 1565051225, 2019/8/6 0:27:5, Inactive
9999, 1565051225, 2019/8/6 0:27:5, Active
10999, 1565051225, 2019/8/6 0:27:5, Inactive
11999, 1565051225, 2019/8/6 0:27:5, Inactive
12999, 1565051225, 2019/8/6 0:27:5, Inactive
13999, 1565051225, 2019/8/6 0:27:5, Inactive
14999, 1565051225, 2019/8/6 0:27:5, Inactive
16000, 1565051225, 2019/8/6 0:27:5, Inactive
16998, 1565051225, 2019/8/6 0:27:5, Inactive
17999, 1565051225, 2019/8/6 0:27:5, Inactive
18999, 1565051225, 2019/8/6 0:27:5, Active
19999, 1565051225, 2019/8/6 0:27:5, Inactive
20999, 1565051225, 2019/8/6 0:27:5, Inactive
21998, 1565051225, 2019/8/6 0:27:5, Inactive
22999, 1565051225, 2019/8/6 0:27:5, Inactive
23999, 1565051225, 2019/8/6 0:27:5, Active
24999, 1565051225, 2019/8/6 0:27:5, Inactive
25999, 1565051225, 2019/8/6 0:27:5, Inactive
26999, 1565051225, 2019/8/6 0:27:5, Inactive
27999, 1565051225, 2019/8/6 0:27:5, Inactive
28999, 1565051225, 2019/8/6 0:27:5, Inactive
29999, 1565051225, 2019/8/6 0:27:5, Inactive
30999, 1565051225, 2019/8/6 0:27:5, Inactive
32000, 1565051225, 2019/8/6 0:27:5, Inactive
32998, 1565051225, 2019/8/6 0:27:5, Inactive
33999, 1565051225, 2019/8/6 0:27:5, Inactive
34999, 1565051225, 2019/8/6 0:27:5, Inactive
35998, 1565051225, 2019/8/6 0:27:5, Inactive
36999, 1565051225, 2019/8/6 0:27:5, Inactive
37999, 1565051225, 2019/8/6 0:27:5, Inactive
38999, 1565051225, 2019/8/6 0:27:5, Inactive
39999, 1565051225, 2019/8/6 0:27:5, Inactive
40999, 1565051225, 2019/8/6 0:27:5, Inactive
41999, 1565051225, 2019/8/6 0:27:5, Inactive
42999, 1565051225, 2019/8/6 0:27:5, Inactive
43999, 1565051225, 2019/8/6 0:27:5, Active
44999, 1565051225, 2019/8/6 0:27:5, Inactive
45999, 1565051225, 2019/8/6 0:27:5, Inactive
46999, 1565051225, 2019/8/6 0:27:5, Inactive
48000, 1565051225, 2019/8/6 0:27:5, Inactive
48999, 1565051225, 2019/8/6 0:27:5, Active
49999, 1565051225, 2019/8/6 0:27:5, Active
50999, 1565051225, 2019/8/6 0:27:5, Inactive
51999, 1565051225, 2019/8/6 0:27:5, Inactive
52999, 1565051225, 2019/8/6 0:27:5, Inactive
53999, 1565051225, 2019/8/6 0:27:5, Inactive
54999, 1565051225, 2019/8/6 0:27:5, Active
55999, 1565051225, 2019/8/6 0:27:5, Inactive
56999, 1565051225, 2019/8/6 0:27:5, Inactive
57998, 1565051225, 2019/8/6 0:27:5, Inactive
58999, 1565051225, 2019/8/6 0:27:5, Inactive
59999, 1565051225, 2019/8/6 0:27:5, Active
60999, 1565051225, 2019/8/6 0:27:5, Inactive
61999, 1565051225, 2019/8/6 0:27:5, Inactive
62999, 1565051225, 2019/8/6 0:27:5, Inactive
64000, 1565051225, 2019/8/6 0:27:5, Inactive
64999, 1565051225, 2019/8/6 0:27:5, Active
65999, 1565051225, 2019/8/6 0:27:5, Active
66999, 1565051225, 2019/8/6 0:27:5, Inactive
67999, 1565051225, 2019/8/6 0:27:5, Inactive
69000, 1565051225, 2019/8/6 0:27:5, Inactive
69999, 1565051225, 2019/8/6 0:27:5, Active
71000, 1565051225, 2019/8/6 0:27:5, Active
71999, 1565051225, 2019/8/6 0:27:5, Inactive
72999, 1565051225, 2019/8/6 0:27:5, Inactive
73999, 1565051225, 2019/8/6 0:27:5, Inactive
74999, 1565051225, 2019/8/6 0:27:5, Active
75999, 1565051225, 2019/8/6 0:27:5, Active
76999, 1565051225, 2019/8/6 0:27:5, Inactive
77999, 1565051225, 2019/8/6 0:27:5, Inactive
78999, 1565051225, 2019/8/6 0:27:5, Inactive
79998, 1565051225, 2019/8/6 0:27:5, Active
80999, 1565051225, 2019/8/6 0:27:5, Active
81999, 1565051225, 2019/8/6 0:27:5, Inactive
82999, 1565051225, 2019/8/6 0:27:5, Inactive
83999, 1565051225, 2019/8/6 0:27:5, Inactive
85000, 1565051225, 2019/8/6 0:27:5, Active
85999, 1565051225, 2019/8/6 0:27:5, Active
86999, 1565051225, 2019/8/6 0:27:5, Inactive
87999, 1565051225, 2019/8/6 0:27:5, Inactive
88999, 1565051225, 2019/8/6 0:27:5, Inactive
89999, 1565051225, 2019/8/6 0:27:5, Active
90999, 1565051225, 2019/8/6 0:27:5, Active
91998, 1565051225, 2019/8/6 0:27:5, Inactive
92999, 1565051225, 2019/8/6 0:27:5, Inactive
93999, 1565051225, 2019/8/6 0:27:5, Inactive
94999, 1565051225, 2019/8/6 0:27:5, Inactive
96000, 1565051225, 2019/8/6 0:27:5, Inactive
96999, 1565051225, 2019/8/6 0:27:5, Active
97999, 1565051225, 2019/8/6 0:27:5, Active
98999, 1565051225, 2019/8/6 0:27:5, Inactive
99999, 1565051225, 2019/8/6 0:27:5, Inactive
100999, 1565051225, 2019/8/6 0:27:5, Inactive
101999, 1565051225, 2019/8/6 0:27:5, Active
103000, 1565051225, 2019/8/6 0:27:5, Active
103999, 1565051225, 2019/8/6 0:27:5, Inactive
104999, 1565051225, 2019/8/6 0:27:5, Inactive
105999, 1565051225, 2019/8/6 0:27:5, Inactive
106999, 1565051225, 2019/8/6 0:27:5, Active
107998, 1565051225, 2019/8/6 0:27:5, Active
108999, 1565051225, 2019/8/6 0:27:5, Inactive
109999, 1565051225, 2019/8/6 0:27:5, Inactive
110999, 1565051225, 2019/8/6 0:27:5, Inactive
112000, 1565051225, 2019/8/6 0:27:5, Active
112999, 1565051225, 2019/8/6 0:27:5, Active
113999, 1565051225, 2019/8/6 0:27:5, Inactive
114998, 1565051225, 2019/8/6 0:27:5, Inactive
115999, 1565051225, 2019/8/6 0:27:5, Inactive
116999, 1565051225, 2019/8/6 0:27:5, Active
117999, 1565051225, 2019/8/6 0:27:5, Inactive
118999, 1565051225, 2019/8/6 0:27:5, Inactive
119999, 1565051225, 2019/8/6 0:27:5, Inactive
120999, 1565051225, 2019/8/6 0:27:5, Inactive
121999, 1565051225, 2019/8/6 0:27:5, Active
122999, 1565051225, 2019/8/6 0:27:5, Inactive
123999, 1565051225, 2019/8/6 0:27:5, Inactive
124999, 1565051225, 2019/8/6 0:27:5, Inactive
126000, 1565051225, 2019/8/6 0:27:5, Inactive
126999, 1565051225, 2019/8/6 0:27:5, Active
128000, 1565051225, 2019/8/6 0:27:5, Inactive
128999, 1565051225, 2019/8/6 0:27:5, Inactive
129999, 1565051225, 2019/8/6 0:27:5, Inactive
130999, 1565051225, 2019/8/6 0:27:5, Inactive
131999, 1565051225, 2019/8/6 0:27:5, Active
133000, 1565051225, 2019/8/6 0:27:5, Inactive
133999, 1565051225, 2019/8/6 0:27:5, Inactive
134999, 1565051225, 2019/8/6 0:27:5, Inactive
135999, 1565051225, 2019/8/6 0:27:5, Inactive
136999, 1565051225, 2019/8/6 0:27:5, Active
137999, 1565051225, 2019/8/6 0:27:5, Inactive
138999, 1565051225, 2019/8/6 0:27:5, Inactive
139999, 1565051225, 2019/8/6 0:27:5, Inactive
140999, 1565051225, 2019/8/6 0:27:5, Inactive
142000, 1565051225, 2019/8/6 0:27:5, Active
142999, 1565051225, 2019/8/6 0:27:5, Inactive
144000, 1565051225, 2019/8/6 0:27:5, Inactive
144998, 1565051225, 2019/8/6 0:27:5, Inactive
145999, 1565051225, 2019/8/6 0:27:5, Inactive
146999, 1565051225, 2019/8/6 0:27:5, Active
147999, 1565051225, 2019/8/6 0:27:5, Inactive
148999, 1565051225, 2019/8/6 0:27:5, Inactive
149999, 1565051225, 2019/8/6 0:27:5, Inactive
150999, 1565051225, 2019/8/6 0:27:5, Inactive
151999, 1565051225, 2019/8/6 0:27:5, Inactive
152999, 1565051225, 2019/8/6 0:27:5, Active
153999, 1565051225, 2019/8/6 0:27:5, Active
154999, 1565051225, 2019/8/6 0:27:5, Inactive
155998, 1565051225, 2019/8/6 0:27:5, Inactive
156999, 1565051225, 2019/8/6 0:27:5, Inactive
158000, 1565051225, 2019/8/6 0:27:5, Inactive
158999, 1565051225, 2019/8/6 0:27:5, Inactive
160000, 1565051225, 2019/8/6 0:27:5, Inactive
160999, 1565051225, 2019/8/6 0:27:5, Active
161999, 1565051225, 2019/8/6 0:27:5, Active
162999, 1565051225, 2019/8/6 0:27:5, Inactive
163999, 1565051225, 2019/8/6 0:27:5, Inactive
164999, 1565051225, 2019/8/6 0:27:5, Inactive
165999, 1565051225, 2019/8/6 0:27:5, Active
167000, 1565051225, 2019/8/6 0:27:5, Active
167999, 1565051225, 2019/8/6 0:27:5, Inactive
168999, 1565051225, 2019/8/6 0:27:5, Inactive
169999, 1565051225, 2019/8/6 0:27:5, Inactive
170999, 1565051225, 2019/8/6 0:27:5, Active
171999, 1565051225, 2019/8/6 0:27:5, Active
172999, 1565051225, 2019/8/6 0:27:5, Inactive
173999, 1565051225, 2019/8/6 0:27:5, Inactive
174999, 1565051225, 2019/8/6 0:27:5, Inactive
176000, 1565051225, 2019/8/6 0:27:5, Active
176999, 1565051225, 2019/8/6 0:27:5, Active
177999, 1565051225, 2019/8/6 0:27:5, Inactive
178999, 1565051225, 2019/8/6 0:27:5, Inactive
179999, 1565051225, 2019/8/6 0:27:5, Inactive
180999, 1565051225, 2019/8/6 0:27:5, Active
181999, 1565051225, 2019/8/6 0:27:5, Active
183000, 1565051225, 2019/8/6 0:27:5, Inactive
183999, 1565051225, 2019/8/6 0:27:5, Inactive
184999, 1565051225, 2019/8/6 0:27:5, Inactive
185999, 1565051225, 2019/8/6 0:27:5, Inactive
186999, 1565051225, 2019/8/6 0:27:5, Inactive
187999, 1565051225, 2019/8/6 0:27:5, Active
188998, 1565051225, 2019/8/6 0:27:5, Inactive
190000, 1565051225, 2019/8/6 0:27:5, Inactive
190999, 1565051225, 2019/8/6 0:27:5, Inactive
192000, 1565051225, 2019/8/6 0:27:5, Inactive
192999, 1565051225, 2019/8/6 0:27:5, Active
193999, 1565051225, 2019/8/6 0:27:5, Inactive
194999, 1565051225, 2019/8/6 0:27:5, Inactive
195999, 1565051225, 2019/8/6 0:27:5, Inactive
197000, 1565051225, 2019/8/6 0:27:5, Active
197999, 1565051225, 2019/8/6 0:27:5, Active
198999, 1565051225, 2019/8/6 0:27:5, Inactive
199999, 1565051225, 2019/8/6 0:27:5, Inactive
200999, 1565051225, 2019/8/6 0:27:5, Inactive
201999, 1565051225, 2019/8/6 0:27:5, Active
202999, 1565051225, 2019/8/6 0:27:5, Active
203999, 1565051225, 2019/8/6 0:27:5, Inactive
204999, 1565051225, 2019/8/6 0:27:5, Inactive
206000, 1565051225, 2019/8/6 0:27:5, Inactive
206999, 1565051225, 2019/8/6 0:27:5, Active
208000, 1565051225, 2019/8/6 0:27:5, Active
208999, 1565051225, 2019/8/6 0:27:5, Inactive
209999, 1565051225, 2019/8/6 0:27:5, Inactive
210999, 1565051225, 2019/8/6 0:27:5, Inactive
211999, 1565051225, 2019/8/6 0:27:5, Active
212999, 1565051225, 2019/8/6 0:27:5, Active
213999, 1565051225, 2019/8/6 0:27:5, Inactive
214999, 1565051225, 2019/8/6 0:27:5, Inactive
215999, 1565051225, 2019/8/6 0:27:5, Inactive
216999, 1565051225, 2019/8/6 0:27:5, Active
217999, 1565051225, 2019/8/6 0:27:5, Active
218999, 1565051225, 2019/8/6 0:27:5, Inactive
219999, 1565051225, 2019/8/6 0:27:5, Inactive
220999, 1565051225, 2019/8/6 0:27:5, Inactive
222000, 1565051225, 2019/8/6 0:27:5, Active
222999, 1565051225, 2019/8/6 0:27:5, Active
223998, 1565051225, 2019/8/6 0:27:5, Inactive
224999, 1565051225, 2019/8/6 0:27:5, Inactive
225999, 1565051225, 2019/8/6 0:27:5, Inactive
226999, 1565051225, 2019/8/6 0:27:5, Active
227999, 1565051225, 2019/8/6 0:27:5, Active
228998, 1565051225, 2019/8/6 0:27:5, Inactive
229999, 1565051225, 2019/8/6 0:27:5, Inactive
230999, 1565051225, 2019/8/6 0:27:5, Inactive
231999, 1565051225, 2019/8/6 0:27:5, Active
232999, 1565051225, 2019/8/6 0:27:5, Active
233999, 1565051225, 2019/8/6 0:27:5, Inactive
234999, 1565051225, 2019/8/6 0:27:5, Inactive
235999, 1565051225, 2019/8/6 0:27:5, Inactive
236999, 1565051225, 2019/8/6 0:27:5, Active
237999, 1565051225, 2019/8/6 0:27:5, Active
238999, 1565051225, 2019/8/6 0:27:5, Inactive
240000, 1565051225, 2019/8/6 0:27:5, Inactive
240999, 1565051225, 2019/8/6 0:27:5, Inactive
241999, 1565051225, 2019/8/6 0:27:5, Active
242999, 1565051225, 2019/8/6 0:27:5, Active
243999, 1565051225, 2019/8/6 0:27:5, Inactive
244999, 1565051225, 2019/8/6 0:27:5, Inactive
245999, 1565051225, 2019/8/6 0:27:5, Inactive
247000, 1565051225, 2019/8/6 0:27:5, Active
247999, 1565051225, 2019/8/6 0:27:5, Active
248998, 1565051225, 2019/8/6 0:27:5, Inactive
249999, 1565051225, 2019/8/6 0:27:5, Inactive
250999, 1565051225, 2019/8/6 0:27:5, Inactive
251999, 1565051225, 2019/8/6 0:27:5, Active
252999, 1565051225, 2019/8/6 0:27:5, Active
253999, 1565051225, 2019/8/6 0:27:5, Inactive
254999, 1565051225, 2019/8/6 0:27:5, Inactive
256000, 1565051225, 2019/8/6 0:27:5, Inactive
256999, 1565051225, 2019/8/6 0:27:5, Active
257999, 1565051225, 2019/8/6 0:27:5, Active
258999, 1565051225, 2019/8/6 0:27:5, Inactive
259999, 1565051225, 2019/8/6 0:27:5, Inactive
260999, 1565051225, 2019/8/6 0:27:5, Inactive
261999, 1565051225, 2019/8/6 0:27:5, Active
262999, 1565051225, 2019/8/6 0:27:5, Inactive
263999, 1565051225, 2019/8/6 0:27:5, Inactive
264999, 1565051225, 2019/8/6 0:27:5, Inactive
265999, 1565051225, 2019/8/6 0:27:5, Inactive
266999, 1565051225, 2019/8/6 0:27:5, Active
267999, 1565051225, 2019/8/6 0:27:5, Inactive
268999, 1565051225, 2019/8/6 0:27:5, Inactive
270000, 1565051225, 2019/8/6 0:27:5, Inactive
270999, 1565051225, 2019/8/6 0:27:5, Inactive
272000, 1565051225, 2019/8/6 0:27:5, Active
272999, 1565051225, 2019/8/6 0:27:5, Inactive
273999, 1565051225, 2019/8/6 0:27:5, Inactive
274999, 1565051225, 2019/8/6 0:27:5, Inactive
275999, 1565051225, 2019/8/6 0:27:5, Inactive
277000, 1565051225, 2019/8/6 0:27:5, Active
277999, 1565051225, 2019/8/6 0:27:5, Inactive
278999, 1565051225, 2019/8/6 0:27:5, Inactive
279999, 1565051225, 2019/8/6 0:27:5, Inactive
280999, 1565051225, 2019/8/6 0:27:5, Inactive
281999, 1565051225, 2019/8/6 0:27:5, Active
282999, 1565051225, 2019/8/6 0:27:5, Inactive
283999, 1565051225, 2019/8/6 0:27:5, Inactive
284999, 1565051225, 2019/8/6 0:27:5, Inactive
286000, 1565051225, 2019/8/6 0:27:5, Inactive
286999, 1565051225, 2019/8/6 0:27:5, Active
288000, 1565051225, 2019/8/6 0:27:5, Inactive
288998, 1565051225, 2019/8/6 0:27:5, Inactive
289999, 1565051225, 2019/8/6 0:27:5, Inactive
290999, 1565051225, 2019/8/6 0:27:5, Inactive
291999, 1565051225, 2019/8/6 0:27:5, Active
292999, 1565051225, 2019/8/6 0:27:5, Inactive
293999, 1565051225, 2019/8/6 0:27:5, Inactive
294999, 1565051225, 2019/8/6 0:27:5, Inactive
295999, 1565051225, 2019/8/6 0:27:5, Inactive
296999, 1565051225, 2019/8/6 0:27:5, Active
297999, 1565051225, 2019/8/6 0:27:5, Active
298999, 1565051225, 2019/8/6 0:27:5, Inactive
299999, 1565051225, 2019/8/6 0:27:5, Inactive
300999, 1565051225, 2019/8/6 0:27:5, Inactive
302000, 1565051225, 2019/8/6 0:27:5, Active
302998, 1565051225, 2019/8/6 0:27:5, Active
304000, 1565051225, 2019/8/6 0:27:5, Inactive
304999, 1565051225, 2019/8/6 0:27:5, Inactive
305999, 1565051225, 2019/8/6 0:27:5, Inactive
306999, 1565051225, 2019/8/6 0:27:5, Inactive
307999, 1565051225, 2019/8/6 0:27:5, Active
308999, 1565051225, 2019/8/6 0:27:5, Inactive
309999, 1565051225, 2019/8/6 0:27:5, Inactive
311000, 1565051225, 2019/8/6 0:27:5, Inactive
311999, 1565051225, 2019/8/6 0:27:5, Inactive
312999, 1565051225, 2019/8/6 0:27:5, Active
313999, 1565051225, 2019/8/6 0:27:5, Active
314999, 1565051225, 2019/8/6 0:27:5, Inactive
315999, 1565051225, 2019/8/6 0:27:5, Inactive
316999, 1565051225, 2019/8/6 0:27:5, Inactive
317999, 1565051225, 2019/8/6 0:27:5, Active
318999, 1565051225, 2019/8/6 0:27:5, Active
320000, 1565051225, 2019/8/6 0:27:5, Inactive
320999, 1565051225, 2019/8/6 0:27:5, Inactive
321999, 1565051225, 2019/8/6 0:27:5, Inactive
322999, 1565051225, 2019/8/6 0:27:5, Active
323999, 1565051225, 2019/8/6 0:27:5, Active
324999, 1565051225, 2019/8/6 0:27:5, Inactive
325999, 1565051225, 2019/8/6 0:27:5, Inactive
326999, 1565051225, 2019/8/6 0:27:5, Inactive
327999, 1565051225, 2019/8/6 0:27:5, Active
328999, 1565051225, 2019/8/6 0:27:5, Active
329999, 1565051225, 2019/8/6 0:27:5, Inactive
330999, 1565051225, 2019/8/6 0:27:5, Inactive
331998, 1565051225, 2019/8/6 0:27:5, Inactive
332999, 1565051225, 2019/8/6 0:27:5, Inactive
333999, 1565051225, 2019/8/6 0:27:5, Inactive
334999, 1565051225, 2019/8/6 0:27:5, Inactive
336000, 1565051225, 2019/8/6 0:27:5, Active
336999, 1565051225, 2019/8/6 0:27:5, Active
337999, 1565051225, 2019/8/6 0:27:5, Inactive
338999, 1565051225, 2019/8/6 0:27:5, Inactive
339999, 1565051225, 2019/8/6 0:27:5, Inactive
340999, 1565051225, 2019/8/6 0:27:5, Inactive
341999, 1565051225, 2019/8/6 0:27:5, Inactive
342999, 1565051225, 2019/8/6 0:27:5, Inactive
343999, 1565051225, 2019/8/6 0:27:5, Active
344999, 1565051225, 2019/8/6 0:27:5, Active
345999, 1565051225, 2019/8/6 0:27:5, Inactive
346999, 1565051225, 2019/8/6 0:27:5, Inactive
347999, 1565051225, 2019/8/6 0:27:5, Inactive
348999, 1565051225, 2019/8/6 0:27:5, Inactive
349999, 1565051225, 2019/8/6 0:27:5, Active
350999, 1565051225, 2019/8/6 0:27:5, Inactive
352000, 1565051225, 2019/8/6 0:27:5, Inactive
352999, 1565051225, 2019/8/6 0:27:5, Inactive
353999, 1565051225, 2019/8/6 0:27:5, Inactive
354998, 1565051225, 2019/8/6 0:27:5, Inactive
356000, 1565051225, 2019/8/6 0:27:5, Inactive
357000, 1565051225, 2019/8/6 0:27:5, Active
357999, 1565051225, 2019/8/6 0:27:5, Active
358999, 1565051225, 2019/8/6 0:27:5, Inactive
359999, 1565051225, 2019/8/6 0:27:5, Inactive
360999, 1565051225, 2019/8/6 0:27:5, Inactive
361999, 1565051225, 2019/8/6 0:27:5, Inactive
362999, 1565051225, 2019/8/6 0:27:5, Inactive
363999, 1565051225, 2019/8/6 0:27:5, Inactive
364999, 1565051225, 2019/8/6 0:27:5, Inactive
365999, 1565051225, 2019/8/6 0:27:5, Inactive
366999, 1565051225, 2019/8/6 0:27:5, Inactive
368000, 1565051225, 2019/8/6 0:27:5, Active
368998, 1565051225, 2019/8/6 0:27:5, Inactive
369999, 1565051225, 2019/8/6 0:27:5, Inactive
370999, 1565051225, 2019/8/6 0:27:5, Inactive
371999, 1565051225, 2019/8/6 0:27:5, Inactive
372999, 1565051225, 2019/8/6 0:27:5, Active
373999, 1565051225, 2019/8/6 0:27:5, Inactive
374999, 1565051225, 2019/8/6 0:27:5, Inactive
375999, 1565051225, 2019/8/6 0:27:5, Inactive
376999, 1565051225, 2019/8/6 0:27:5, Inactive
377999, 1565051225, 2019/8/6 0:27:5, Inactive
378999, 1565051225, 2019/8/6 0:27:5, Inactive
379999, 1565051225, 2019/8/6 0:27:5, Active
380999, 1565051225, 2019/8/6 0:27:5, Active
381999, 1565051225, 2019/8/6 0:27:5, Inactive
382999, 1565051225, 2019/8/6 0:27:5, Inactive
384000, 1565051225, 2019/8/6 0:27:5, Inactive
384999, 1565051225, 2019/8/6 0:27:5, Active
385998, 1565051225, 2019/8/6 0:27:5, Active
386999, 1565051225, 2019/8/6 0:27:5, Inactive
387999, 1565051225, 2019/8/6 0:27:5, Inactive
388999, 1565051225, 2019/8/6 0:27:5, Inactive
389999, 1565051225, 2019/8/6 0:27:5, Active
391000, 1565051225, 2019/8/6 0:27:5, Active
391999, 1565051225, 2019/8/6 0:27:5, Inactive
392999, 1565051225, 2019/8/6 0:27:5, Inactive
393999, 1565051225, 2019/8/6 0:27:5, Inactive
394999, 1565051225, 2019/8/6 0:27:5, Inactive
395999, 1565051225, 2019/8/6 0:27:5, Active
396999, 1565051225, 2019/8/6 0:27:5, Active
398000, 1565051225, 2019/8/6 0:27:5, Inactive
398999, 1565051225, 2019/8/6 0:27:5, Inactive
400000, 1565051225, 2019/8/6 0:27:5, Inactive
400999, 1565051225, 2019/8/6 0:27:5, Active
401999, 1565051225, 2019/8/6 0:27:5, Inactive
402999, 1565051225, 2019/8/6 0:27:5, Inactive
403998, 1565051225, 2019/8/6 0:27:5, Inactive
404999, 1565051225, 2019/8/6 0:27:5, Inactive
405999, 1565051225, 2019/8/6 0:27:5, Inactive
406999, 1565051225, 2019/8/6 0:27:5, Inactive
407999, 1565051225, 2019/8/6 0:27:5, Inactive
408999, 1565051225, 2019/8/6 0:27:5, Inactive
409999, 1565051225, 2019/8/6 0:27:5, Inactive
410999, 1565051225, 2019/8/6 0:27:5, Inactive
411999, 1565051225, 2019/8/6 0:27:5, Active
412999, 1565051225, 2019/8/6 0:27:5, Inactive
413999, 1565051225, 2019/8/6 0:27:5, Inactive
414999, 1565051225, 2019/8/6 0:27:5, Inactive
416000, 1565051225, 2019/8/6 0:27:5, Inactive
416999, 1565051225, 2019/8/6 0:27:5, Active
417999, 1565051225, 2019/8/6 0:27:5, Inactive
418999, 1565051225, 2019/8/6 0:27:5, Inactive
419999, 1565051225, 2019/8/6 0:27:5, Inactive
420999, 1565051225, 2019/8/6 0:27:5, Inactive
421999, 1565051225, 2019/8/6 0:27:5, Active
422999, 1565051225, 2019/8/6 0:27:5, Inactive
423999, 1565051225, 2019/8/6 0:27:5, Inactive
424999, 1565051225, 2019/8/6 0:27:5, Inactive
425999, 1565051225, 2019/8/6 0:27:5, Inactive
426999, 1565051225, 2019/8/6 0:27:5, Active
427999, 1565051225, 2019/8/6 0:27:5, Inactive
428999, 1565051225, 2019/8/6 0:27:5, Inactive
429999, 1565051225, 2019/8/6 0:27:5, Inactive
430999, 1565051225, 2019/8/6 0:27:5, Inactive
432000, 1565051225, 2019/8/6 0:27:5, Active
433000, 1565051225, 2019/8/6 0:27:5, Inactive
433999, 1565051225, 2019/8/6 0:27:5, Inactive
434999, 1565051225, 2019/8/6 0:27:5, Inactive
435999, 1565051225, 2019/8/6 0:27:5, Inactive
437000, 1565051225, 2019/8/6 0:27:5, Active
437999, 1565051225, 2019/8/6 0:27:5, Inactive
438999, 1565051225, 2019/8/6 0:27:5, Inactive
439999, 1565051225, 2019/8/6 0:27:5, Inactive
440999, 1565051225, 2019/8/6 0:27:5, Inactive
441999, 1565051225, 2019/8/6 0:27:5, Active
442999, 1565051225, 2019/8/6 0:27:5, Inactive
443999, 1565051225, 2019/8/6 0:27:5, Inactive
444999, 1565051225, 2019/8/6 0:27:5, Inactive
446000, 1565051225, 2019/8/6 0:27:5, Active
446999, 1565051225, 2019/8/6 0:27:5, Active
448000, 1565051225, 2019/8/6 0:27:5, Inactive
448999, 1565051225, 2019/8/6 0:27:5, Inactive
449999, 1565051225, 2019/8/6 0:27:5, Inactive
450999, 1565051225, 2019/8/6 0:27:5, Active
451999, 1565051225, 2019/8/6 0:27:5, Active
452999, 1565051225, 2019/8/6 0:27:5, Inactive
453999, 1565051225, 2019/8/6 0:27:5, Inactive
454999, 1565051225, 2019/8/6 0:27:5, Inactive
455999, 1565051225, 2019/8/6 0:27:5, Active
456999, 1565051225, 2019/8/6 0:27:5, Active
457999, 1565051225, 2019/8/6 0:27:5, Inactive
458999, 1565051225, 2019/8/6 0:27:5, Inactive
459999, 1565051225, 2019/8/6 0:27:5, Inactive
460999, 1565051225, 2019/8/6 0:27:5, Active
461999, 1565051225, 2019/8/6 0:27:5, Active
462999, 1565051225, 2019/8/6 0:27:5, Inactive
464000, 1565051225, 2019/8/6 0:27:5, Inactive
464999, 1565051225, 2019/8/6 0:27:5, Inactive
465999, 1565051225, 2019/8/6 0:27:5, Inactive
466999, 1565051225, 2019/8/6 0:27:5, Active
467999, 1565051225, 2019/8/6 0:27:5, Inactive
468999, 1565051225, 2019/8/6 0:27:5, Inactive
469999, 1565051225, 2019/8/6 0:27:5, Inactive
470999, 1565051225, 2019/8/6 0:27:5, Inactive
471999, 1565051225, 2019/8/6 0:27:5, Active
472999, 1565051225, 2019/8/6 0:27:5, Inactive
473999, 1565051225, 2019/8/6 0:27:5, Inactive
474999, 1565051225, 2019/8/6 0:27:5, Inactive
475998, 1565051225, 2019/8/6 0:27:5, Inactive
476999, 1565051225, 2019/8/6 0:27:5, Active
478000, 1565051225, 2019/8/6 0:27:5, Inactive
478999, 1565051225, 2019/8/6 0:27:5, Inactive
480000, 1565051225, 2019/8/6 0:27:5, Inactive
480999, 1565051225, 2019/8/6 0:27:5, Inactive
481999, 1565051225, 2019/8/6 0:27:5, Active
482999, 1565051225, 2019/8/6 0:27:5, Active
483999, 1565051225, 2019/8/6 0:27:5, Inactive
484999, 1565051225, 2019/8/6 0:27:5, Inactive
485999, 1565051225, 2019/8/6 0:27:5, Inactive
486999, 1565051225, 2019/8/6 0:27:5, Inactive
487999, 1565051225, 2019/8/6 0:27:5, Inactive
488998, 1565051225, 2019/8/6 0:27:5, Active
489999, 1565051225, 2019/8/6 0:27:5, Active
490999, 1565051225, 2019/8/6 0:27:5, Inactive
491999, 1565051225, 2019/8/6 0:27:5, Inactive
492999, 1565051225, 2019/8/6 0:27:5, Inactive
494000, 1565051225, 2019/8/6 0:27:5, Inactive
494999, 1565051225, 2019/8/6 0:27:5, Inactive
496000, 1565051225, 2019/8/6 0:27:5, Active
496999, 1565051225, 2019/8/6 0:27:5, Inactive
497999, 1565051225, 2019/8/6 0:27:5, Inactive
498999, 1565051225, 2019/8/6 0:27:5, Inactive
499999, 1565051225, 2019/8/6 0:27:5, Inactive
500999, 1565051225, 2019/8/6 0:27:5, Inactive
501999, 1565051225, 2019/8/6 0:27:5, Active
502999, 1565051225, 2019/8/6 0:27:5, Inactive
503999, 1565051225, 2019/8/6 0:27:5, Inactive
504999, 1565051225, 2019/8/6 0:27:5, Inactive
505999, 1565051225, 2019/8/6 0:27:5, Inactive
506999, 1565051225, 2019/8/6 0:27:5, Active
507999, 1565051225, 2019/8/6 0:27:5, Inactive
508999, 1565051225, 2019/8/6 0:27:5, Inactive
509999, 1565051225, 2019/8/6 0:27:5, Inactive
510999, 1565051225, 2019/8/6 0:27:5, Inactive
512000, 1565051225, 2019/8/6 0:27:5, Active
512999, 1565051225, 2019/8/6 0:27:5, Inactive
513999, 1565051225, 2019/8/6 0:27:5, Inactive
514999, 1565051225, 2019/8/6 0:27:5, Inactive
515999, 1565051225, 2019/8/6 0:27:5, Inactive
516999, 1565051225, 2019/8/6 0:27:5, Active
517999, 1565051225, 2019/8/6 0:27:5, Active
518999, 1565051225, 2019/8/6 0:27:5, Inactive
519999, 1565051225, 2019/8/6 0:27:5, Inactive
520999, 1565051225, 2019/8/6 0:27:5, Inactive
521999, 1565051225, 2019/8/6 0:27:5, Inactive
522999, 1565051225, 2019/8/6 0:27:5, Inactive
523999, 1565051225, 2019/8/6 0:27:5, Inactive
524999, 1565051225, 2019/8/6 0:27:5, Active
526000, 1565051225, 2019/8/6 0:27:5, Inactive
526999, 1565051225, 2019/8/6 0:27:5, Inactive
528000, 1565051225, 2019/8/6 0:27:5, Inactive
528999, 1565051225, 2019/8/6 0:27:5, Inactive
529999, 1565051225, 2019/8/6 0:27:5, Active
530999, 1565051225, 2019/8/6 0:27:5, Inactive
531999, 1565051225, 2019/8/6 0:27:5, Inactive
533000, 1565051225, 2019/8/6 0:27:5, Inactive
533999, 1565051225, 2019/8/6 0:27:5, Inactive
534999, 1565051225, 2019/8/6 0:27:5, Active
535999, 1565051225, 2019/8/6 0:27:5, Inactive
536999, 1565051225, 2019/8/6 0:27:5, Inactive
537998, 1565051225, 2019/8/6 0:27:5, Inactive
538999, 1565051225, 2019/8/6 0:27:5, Inactive
539999, 1565051225, 2019/8/6 0:27:5, Active
540999, 1565051225, 2019/8/6 0:27:5, Inactive
542000, 1565051225, 2019/8/6 0:27:5, Inactive
542999, 1565051225, 2019/8/6 0:27:5, Inactive
544000, 1565051225, 2019/8/6 0:27:5, Inactive
544999, 1565051225, 2019/8/6 0:27:5, Active
545999, 1565051225, 2019/8/6 0:27:5, Inactive
546999, 1565051225, 2019/8/6 0:27:5, Inactive
547999, 1565051225, 2019/8/6 0:27:5, Inactive
548999, 1565051225, 2019/8/6 0:27:5, Inactive
549999, 1565051225, 2019/8/6 0:27:5, Active
550999, 1565051225, 2019/8/6 0:27:5, Inactive
551999, 1565051225, 2019/8/6 0:27:5, Inactive
552999, 1565051225, 2019/8/6 0:27:5, Inactive
